{
  "dataset": {
    "feature_count": 10,
    "test_rows": 60,
    "train_rows": 240
  },
  "model": {
    "feature_columns": [
      "copy_count",
      "coverage_frac",
      "flank_synteny_confidence",
      "seq_identity",
      "split_count",
      "state_is_absent",
      "state_is_ambiguous",
      "state_is_diverged",
      "state_is_duplicated",
      "state_is_fractured"
    ],
    "weights": [
      0.16666666666666663,
      -0.027550478735065553,
      0.018257184441154095,
      0.03637370486103464,
      0.011702323688950855,
      0.02711691292006435,
      -0.008525170321263431,
      -0.05128879908443196,
      -0.026080382715087724,
      -0.04921992436038636,
      0.03014405433509637
    ]
  },
  "pr_auc": {
    "cheap_linear": 0.6051086230119742,
    "naive": 0.3063710047496646
  },
  "top_k": {
    "10": {
      "cheap_linear": 0.5,
      "naive": 0.0
    },
    "100": {
      "cheap_linear": 0.43333333333333335,
      "naive": 0.43333333333333335
    },
    "25": {
      "cheap_linear": 0.56,
      "naive": 0.2
    },
    "50": {
      "cheap_linear": 0.52,
      "naive": 0.4
    }
  }
}
